﻿{"cameraMode":{"drawMode":0,"name":"Shaded","section":"Shading Mode"},"sceneLighting":true,"audioPlay":false,"sceneViewState":{"showFog":true,"showMaterialUpdate":false,"showSkybox":true,"showFlares":true,"showImageEffects":true,"showParticleSystems":true},"in2DMode":false,"pivot":{"x":19.821151733398439,"y":17.8901309967041,"z":18.379867553710939},"rotation":{"x":0.13948166370391847,"y":-0.7934268712997437,"z":0.19821427762508393,"w":0.5583277344703674},"size":91.78865051269531,"orthographic":false}